entry,id,date,type,verdict,text,note,sources,link
1,roswell-1947,1947-07-08,statement,VERIFIED,The Roswell Army Air Field press office said it had recovered a “flying disc.” The next day the Eighth Air Force commander said the object was a radar-tracking weather balloon.,,https://www.gao.gov/assets/nsiad-95-187.pdf,https://www.getdisclosure.app/record/#e-roswell-1947
2,twining-memo-1947,1947-09-23,statement,PARTLY,Lt. Gen. Nathan Twining of Air Materiel Command wrote that the reported flying discs were “something real and not visionary or fictitious.”,The memo is known from its reprint in the 1969 Condon Report appendix and from secondary histories. We did not read an archive copy of the original.,http://project1947.com/shg/condon/appndx-r.html https://skepticalinquirer.org/2020/03/general-nathan-f-twining-and-the-flying-disc-problem-of-1947/,https://www.getdisclosure.app/record/#e-twining-memo-1947
3,project-sign-1947,1947-12-30,statement,VERIFIED,"An Air Force headquarters memorandum set up Project Sign to study flying disc reports. Air Materiel Command took it on January 22, 1948.",,https://www.archives.gov/research/guide-fed-records/groups/341.html https://www.cia.gov/resources/csi/static/cia-role-study-UFOs.pdf,https://www.getdisclosure.app/record/#e-project-sign-1947
4,project-grudge-1949,1949-02-11,statement,VERIFIED,The Air Force renamed its UFO study Project Grudge. It kept collecting reports while working to persuade the public that the sightings were nothing extraordinary.,,https://www.archives.gov/research/guide-fed-records/groups/341.html https://www.cia.gov/resources/csi/static/cia-role-study-UFOs.pdf,https://www.getdisclosure.app/record/#e-project-grudge-1949
5,grudge-ends-1949,1949-12-27,statement,VERIFIED,The Air Force announced the end of Project Grudge. Its officials had concluded that UFO reports posed no threat to US security.,,https://www.cia.gov/resources/csi/static/cia-role-study-UFOs.pdf,https://www.getdisclosure.app/record/#e-grudge-ends-1949
6,blue-book-1952,1952-03,statement,VERIFIED,"Project Grudge became Project Blue Book, the Air Force’s main UFO investigation for the next seventeen years.","The National Archives gives the month, March 1952, but not the day.",https://www.archives.gov/research/guide-fed-records/groups/341.html,https://www.getdisclosure.app/record/#e-blue-book-1952
7,samford-1952,1952-07,statement,PARTLY,"After a run of radar and visual sightings over Washington, DC, Air Force intelligence chief Maj. Gen. John Samford briefed reporters at the Pentagon and said the reports posed no threat.","The National Archives holds film of the statement dated July 31, 1952. The widely repeated date of July 29 is not confirmed by any source we read.",https://www.archives.gov/news/articles/do-records-show-proof-of-ufos https://unwritten-record.blogs.archives.gov/2013/09/30/project-blue-book-looking-to-the-film-record/,https://www.getdisclosure.app/record/#e-samford-1952
8,robertson-panel-1953,1953-01-14,report,VERIFIED,A CIA-sponsored panel of scientists chaired by H. P. Robertson met for four days. It found no direct threat to national security in UFO reports and recommended public education to take the mystery out of them.,,https://www.cia.gov/resources/csi/static/cia-role-study-UFOs.pdf,https://www.getdisclosure.app/record/#e-robertson-panel-1953
9,hasc-hearing-1966,1966-04-05,hearing,VERIFIED,The House Armed Services Committee held a hearing on unidentified flying objects. Air Force Secretary Harold Brown testified that most sightings were easily explained.,,https://www.govinfo.gov/app/details/CHRG-89hhrg50066O https://www.cia.gov/resources/csi/static/cia-role-study-UFOs.pdf,https://www.getdisclosure.app/record/#e-hasc-hearing-1966
10,condon-contract-1966,1966-10-07,statement,VERIFIED,"The University of Colorado accepted a $325,000 Air Force contract for an 18-month scientific study of UFOs, led by physicist Edward Condon.",,https://www.cia.gov/resources/csi/static/cia-role-study-UFOs.pdf,https://www.getdisclosure.app/record/#e-condon-contract-1966
11,house-symposium-1968,1968-07-29,hearing,VERIFIED,"The House Committee on Science and Astronautics held a one-day Symposium on Unidentified Flying Objects, taking statements from scientists on whether the subject deserved more study.",,https://www.govinfo.gov/app/details/CHRG-90hhrg97818/CHRG-90hhrg97818,https://www.getdisclosure.app/record/#e-house-symposium-1968
12,condon-report-1969,1969-01,report,PARTLY,The Colorado study led by Edward Condon concluded that two decades of UFO study had added nothing to scientific knowledge. A National Academy of Sciences panel agreed.,"The Associated Press dates the report to January 9, 1969, but no primary source we read gives the day, and a CIA history says April 1969.",https://www.cia.gov/resources/csi/static/cia-role-study-UFOs.pdf https://www.archives.gov/research/military/air-force/ufos,https://www.getdisclosure.app/record/#e-condon-report-1969
13,blue-book-ends-1969,1969-12-17,statement,VERIFIED,"Air Force Secretary Robert Seamans announced the end of Project Blue Book. It had logged 12,618 sightings from 1947 to 1969, and 701 stayed “unidentified.”",,https://www.archives.gov/research/military/air-force/ufos https://www.cia.gov/resources/csi/static/cia-role-study-UFOs.pdf,https://www.getdisclosure.app/record/#e-blue-book-ends-1969
14,blue-book-archives-1976,1976,release,PARTLY,"Project Blue Book’s records went to the National Archives and opened to researchers on microfilm, with the names of witnesses removed.",The National Archives confirms the transfer and the removed names but gives no year. The 1976 date comes from the microfilm publication’s own pamphlet.,https://www.archives.gov/research/military/air-force/ufos https://www.fold3.com/pdf/T1206.pdf,https://www.getdisclosure.app/record/#e-blue-book-archives-1976
15,nasa-declines-1977,1977,statement,PARTLY,"NASA turned down a White House suggestion that it take up UFO investigations again, according to NASA’s own chronology of the year.",NASA’s chronology records the decision by December 1977. The exact date of the decision is not confirmed.,https://www.nasa.gov/wp-content/uploads/2023/04/1977.pdf,https://www.getdisclosure.app/record/#e-nasa-declines-1977
16,af-roswell-report-1994,1994-07,report,VERIFIED,"The Air Force reported that the Roswell debris most likely came from a classified balloon project built to detect Soviet nuclear tests, not from a spacecraft.",,https://www.gao.gov/assets/nsiad-95-187.pdf https://unwritten-record.blogs.archives.gov/2014/07/07/the-roswell-reports-what-crashed-in-the-desert/,https://www.getdisclosure.app/record/#e-af-roswell-report-1994
17,gao-roswell-1995,1995-07-28,report,VERIFIED,The General Accounting Office reported on its search for Roswell records and found that some Roswell Army Air Field records from 1945 to 1949 had been destroyed.,,https://www.gao.gov/products/nsiad-95-187,https://www.getdisclosure.app/record/#e-gao-roswell-1995
18,roswell-case-closed-1997,1997-06-24,report,PARTLY,"The Air Force released The Roswell Report: Case Closed, which said accounts of alien bodies likely came from test dummies dropped in 1950s parachute experiments.",The government record confirms the report and its 1997 publication. The day comes from same-day newspaper coverage.,https://www.govinfo.gov/app/details/GOVPUB-D301-PURL-gpo92195 https://www.deseret.com/1997/6/24/19319696/air-force-report-says-roswell-aliens-were-just-dummies/,https://www.getdisclosure.app/record/#e-roswell-case-closed-1997
19,aatip-2017,2017-12-16,statement,VERIFIED,The New York Times revealed the Pentagon’s Advanced Aerospace Threat Identification Program. The Defense Department acknowledged the program and said it had shut down in 2012.,"The program’s backers have said the work continued after 2012. That is their claim, not the Pentagon’s.",https://www.nytimes.com/2017/12/16/us/politics/pentagon-program-ufo-harry-reid.html https://www.npr.org/sections/thetwo-way/2017/12/17/571446881/secret-pentagon-program-spent-millions-to-research-ufos,https://www.getdisclosure.app/record/#e-aatip-2017
20,navy-guidelines-2019,2019-04-23,statement,PARTLY,The Navy said it was drafting new guidelines for pilots and other personnel to report unexplained aerial sightings.,"Reported by Politico and CNN, quoting a Navy statement. We found no Navy document.",https://www.politico.com/story/2019/04/23/us-navy-guidelines-reporting-ufos-1375290 https://www.cnn.com/2019/04/24/politics/us-navy-ufo-guidelines,https://www.getdisclosure.app/record/#e-navy-guidelines-2019
21,navy-videos-uap-2019,2019-09,statement,PARTLY,"A Navy spokesman said the objects in three leaked Navy videos were “unidentified aerial phenomena,” without saying what they were.","Reported by CNN on September 18, 2019. We found no Navy document, and the day of the statement is not confirmed.",https://www.cnn.com/2019/09/18/politics/navy-confirms-ufo-videos-trnd,https://www.getdisclosure.app/record/#e-navy-videos-uap-2019
22,navy-videos-2020,2020-04-27,release,VERIFIED,"The Department of Defense formally released three unclassified Navy videos recorded in 2004 and 2015, saying it wanted to clear up any confusion about the footage already circulating.",,https://www.defense.gov/News/Releases/Release/Article/2165713/statement-by-the-department-of-defense-on-the-release-of-historical-navy-videos/ https://edition.cnn.com/2020/04/27/politics/pentagon-ufo-videos,https://www.getdisclosure.app/record/#e-navy-videos-2020
23,uaptf-2020,2020-08-14,statement,VERIFIED,"The Department of Defense announced a Navy-led Unidentified Aerial Phenomena Task Force to detect, analyze and catalog UAP that could threaten national security.",,https://www.defense.gov/News/Releases/Release/Article/2314065/establishment-of-unidentified-aerial-phenomena-task-force/,https://www.getdisclosure.app/record/#e-uaptf-2020
24,report-mandate-2020,2020-12-27,law,VERIFIED,"The Consolidated Appropriations Act, 2021 became law. Its intelligence section adopted Senate report language directing the intelligence community to give Congress a UAP report within 180 days.",,https://www.govinfo.gov/app/details/PLAW-116publ260 https://www.govinfo.gov/content/pkg/CRPT-116srpt233/html/CRPT-116srpt233.htm,https://www.getdisclosure.app/record/#e-report-mandate-2020
25,odni-assessment-2021,2021-06-25,report,VERIFIED,"The Office of the Director of National Intelligence released its Preliminary Assessment on UAP. It reviewed 144 government reports from 2004 to 2021 and explained one of them, as a large deflating balloon.",,https://archive.dni.gov/files/ODNI/documents/assessments/Prelimary-Assessment-UAP-20210625.pdf,https://www.getdisclosure.app/record/#e-odni-assessment-2021
26,aoimsg-2021,2021-11-23,statement,VERIFIED,Deputy Secretary of Defense Kathleen Hicks set up the Airborne Object Identification and Management Synchronization Group to take over from the Navy’s UAP Task Force.,,https://www.defense.gov/News/Releases/Release/Article/2853121/dod-announces-the-establishment-of-the-airborne-object-identification-and-manag/,https://www.getdisclosure.app/record/#e-aoimsg-2021
27,ndaa-fy2022,2021-12-27,law,VERIFIED,"The FY2022 defense authorization act became law. Section 1683 required the Pentagon, with the intelligence community, to set up an office to handle UAP.",,https://www.govinfo.gov/app/details/PLAW-117publ81,https://www.getdisclosure.app/record/#e-ndaa-fy2022
28,house-hearing-2022,2022-05-17,hearing,VERIFIED,"A House Intelligence subcommittee held an open hearing on UAP with Pentagon officials Ronald Moultrie and Scott Bray, the first public congressional UFO hearing in more than 50 years.",,https://www.congress.gov/117/meeting/house/114761/documents/HHRG-117-IG05-Transcript-20220517.pdf https://www.cbsnews.com/newyork/news/ufo-hearing-congress-pentagon-watch-live-stream-today-2022-05-17/,https://www.getdisclosure.app/record/#e-house-hearing-2022
29,nasa-study-2022,2022-06-09,statement,VERIFIED,NASA announced an independent study team to examine unidentified aerial phenomena from a scientific point of view.,,https://www.nasa.gov/news-release/nasa-to-discuss-new-unidentified-aerial-phenomena-study-today/ https://science.nasa.gov/uap/,https://www.getdisclosure.app/record/#e-nasa-study-2022
30,aaro-2022,2022-07-20,statement,VERIFIED,"The Department of Defense set up the All-domain Anomaly Resolution Office, AARO, replacing the earlier group, and named Sean Kirkpatrick its director.",,https://www.defense.gov/News/Releases/Release/Article/3100053/dod-announces-the-establishment-of-the-all-domain-anomaly-resolution-office/,https://www.getdisclosure.app/record/#e-aaro-2022
31,ndaa-fy2023,2022-12-23,law,VERIFIED,The FY2023 defense authorization act became law. Section 1673 created a protected way for people to report UAP events and any government or contractor UAP programs.,,https://www.govinfo.gov/app/details/PLAW-117publ263,https://www.getdisclosure.app/record/#e-ndaa-fy2023
32,odni-2022-report,2023-01-12,report,VERIFIED,"The intelligence community’s 2022 annual UAP report covered 366 new reports. It put 195 down to balloons, drones or clutter and left 171 uncharacterized.",,https://archive.dni.gov/files/ODNI/documents/assessments/Unclassified-2022-Annual-Report-UAP.pdf https://www.npr.org/2023/01/13/1149019140/ufo-report,https://www.getdisclosure.app/record/#e-odni-2022-report
33,sasc-hearing-2023,2023-04-19,hearing,VERIFIED,"AARO director Sean Kirkpatrick testified before a Senate Armed Services subcommittee on the office’s mission, oversight and budget.",,https://www.armed-services.senate.gov/hearings/to-receive-testimony-on-the-mission-activities-oversight-and-budget-of-the-all-domain-anomaly-resolution-office,https://www.getdisclosure.app/record/#e-sasc-hearing-2023
34,house-hearing-2023,2023-07-26,hearing,VERIFIED,"David Grusch, David Fravor and Ryan Graves testified under oath before a House Oversight subcommittee. Their claims entered the public record. The hearing did not settle them.",,https://oversight.house.gov/hearing/unidentified-anomalous-phenomena-implications-on-national-security-public-safety-and-government-transparency/,https://www.getdisclosure.app/record/#e-house-hearing-2023
35,aaro-website-2023,2023-08-31,statement,VERIFIED,"The Department of Defense launched AARO’s public website to share declassified case resolutions, images and reporting trends.",,https://www.defense.gov/News/Releases/Release/Article/3513171/the-department-of-defense-launches-the-all-domain-anomaly-resolution-office-web/ https://www.cbsnews.com/news/pentagon-ufo-website-declassified-info-uaps-all-domain-anomaly-resolution-office/,https://www.getdisclosure.app/record/#e-aaro-website-2023
36,nasa-report-2023,2023-09-14,report,VERIFIED,"NASA’s independent study team published its final report. It asked for better data and real scientific method, and found no evidence that UAP are extraterrestrial.",,https://science.nasa.gov/uap/ https://www.nasa.gov/news-release/update-nasa-shares-uap-independent-study-report-names-director/,https://www.getdisclosure.app/record/#e-nasa-report-2023
37,aaro-reporting-2023,2023-10-31,statement,VERIFIED,"AARO opened a secure online form for current and former government staff, service members and contractors who say they know of government UAP programs going back to 1945.",,https://defensescoop.com/2023/10/31/dod-invites-past-and-present-military-personnel-and-contractors-to-report-uap-activity-via-new-portal/ https://media.defense.gov/2024/Nov/14/2003583603/-1/-1/0/FY24-CONSOLIDATED-ANNUAL-REPORT-ON-UAP-508.PDF,https://www.getdisclosure.app/record/#e-aaro-reporting-2023
38,ndaa-fy2024,2023-12-22,law,VERIFIED,The FY2024 defense authorization act became law. Sections 1841 to 1843 ordered agencies to send UAP records to a new UAP Records Collection at the National Archives.,This was a cut-down version of the Schumer and Rounds UAP Disclosure Act. The independent review board and eminent domain powers were dropped.,https://www.govinfo.gov/app/details/PLAW-118publ31 https://www.archives.gov/research/topics/uaps,https://www.getdisclosure.app/record/#e-ndaa-fy2024
39,aaro-history-2024,2024-03-08,report,VERIFIED,AARO published Volume 1 of its review of government UAP work since 1945. It found no evidence that any sighting was extraterrestrial technology or that the government reverse-engineered alien craft.,,https://media.defense.gov/2024/Mar/08/2003409233/-1/-1/0/DOPSR-CLEARED-508-COMPLIANT-HRRV1-08-MAR-2024-FINAL.PDF,https://www.getdisclosure.app/record/#e-aaro-history-2024
40,nara-guidance-2024,2024-05-09,statement,VERIFIED,"The National Archives told federal agencies how to find, digitize and transfer their UAP records into the new UAP Records Collection.",,https://www.archives.gov/records-mgmt/memos/ac-26-2024,https://www.getdisclosure.app/record/#e-nara-guidance-2024
41,house-hearing-2024,2024-11-13,hearing,VERIFIED,"A second House Oversight hearing, “Unidentified Anomalous Phenomena: Exposing the Truth,” heard Tim Gallaudet, Luis Elizondo, Michael Gold and Michael Shellenberger.",,https://oversight.house.gov/hearing/unidentified-anomalous-phenomena-exposing-the-truth/,https://www.getdisclosure.app/record/#e-house-hearing-2024
42,aaro-fy2024-report,2024-11-14,report,VERIFIED,"AARO’s FY2024 annual report counted 757 UAP reports received from May 2023 to June 2024, resolved 118 as ordinary objects, and found no evidence of extraterrestrial technology.",,https://media.defense.gov/2024/Nov/14/2003583603/-1/-1/0/FY24-CONSOLIDATED-ANNUAL-REPORT-ON-UAP-508.PDF,https://www.getdisclosure.app/record/#e-aaro-fy2024-report
43,sasc-hearing-2024,2024-11-19,hearing,VERIFIED,AARO director Jon Kosloski testified before a Senate Armed Services subcommittee on the office’s work.,,https://www.armed-services.senate.gov/hearings/to-receive-testimony-on-the-activities-of-the-all-domain-anomaly-resolution-office,https://www.getdisclosure.app/record/#e-sasc-hearing-2024
44,nara-release-2025,2025-04-24,release,VERIFIED,"The National Archives released UAP records sent by the intelligence community, the Office of the Secretary of Defense, the FAA and the Nuclear Regulatory Commission.",,https://www.archives.gov/press/press-releases/2025/nr25-07,https://www.getdisclosure.app/record/#e-nara-release-2025
45,house-hearing-2025,2025-09-09,hearing,VERIFIED,Rep. Anna Paulina Luna’s Task Force on the Declassification of Federal Secrets held “Restoring Public Trust Through UAP Transparency and Whistleblower Protection.”,,https://oversight.house.gov/hearing/restoring-public-trust-through-uap-transparency-and-whistleblower-protection/,https://www.getdisclosure.app/record/#e-house-hearing-2025
46,president-post-2026,2026-02-19,statement,VERIFIED,"In a Truth Social post, the President said he would direct the Secretary of War and other agencies to begin identifying and releasing government files on UAP, UFOs and alien life.",A social media statement. No presidential document on UAP appears in the Federal Register.,https://www.war.gov/UFO/ https://www.nbcnews.com/politics/trump-administration/trump-says-directing-pentagon-release-files-related-ufos-aliens-rcna259833,https://www.getdisclosure.app/record/#e-president-post-2026
47,luna-request-2026,2026-04-01,statement,VERIFIED,Rep. Luna’s House task force asked the Secretary of War for further UAP video records it says AARO holds.,,https://oversight.house.gov/release/luna-continues-transparency-investigation-into-uaps/,https://www.getdisclosure.app/record/#e-luna-request-2026
48,pursue-release-1,2026-05-08,release,VERIFIED,"The Department of War opened war.gov/UFO and published its first batch of declassified UAP files under PURSUE, an interagency effort that includes ODNI, AARO, NASA, the FBI and the Energy Department.",,https://www.war.gov/News/Releases/Release/Article/4480582/department-of-war-releases-unidentified-anomalous-phenomena-files-in-historic-t/ https://www.nbcnews.com/science/ufos-and-anomalous-phenomena/ufo-uap-files-pentagon-release-trump-rcna344204,https://www.getdisclosure.app/record/#e-pursue-release-1
49,pursue-release-2,2026-05-22,release,VERIFIED,The Department of War published the second PURSUE release of UAP files on war.gov/UFO.,,https://www.war.gov/News/Releases/Release/Article/4499305/department-of-war-publishes-second-release-of-unidentified-anomalous-phenomena/ https://www.cbsnews.com/news/ufo-files-pentagon-videos-documents/,https://www.getdisclosure.app/record/#e-pursue-release-2
50,uap-governance-board-2026,2026-06,statement,PARTLY,"An intelligence official said ODNI, the FBI and the Pentagon had formed a UAP Governance Board, advised by outside groups including a new science council.","Reported by DefenseScoop on June 17, 2026. We found no government announcement, and the date the board was formed is not given.",https://defensescoop.com/2026/06/17/new-science-advisory-council-forms-to-help-us-government-resolve-the-uap-mystery/,https://www.getdisclosure.app/record/#e-uap-governance-board-2026
51,pursue-release-3,2026-06-12,release,VERIFIED,The Department of War published the third PURSUE release of UAP files on war.gov/UFO.,,https://www.war.gov/News/Releases/Release/Article/4515408/department-of-war-publishes-third-release-of-unidentified-anomalous-phenomena-f/ https://www.cbsnews.com/news/ufo-files-pentagon-3rd-release-documents-videos/,https://www.getdisclosure.app/record/#e-pursue-release-3
52,nda-directive-2026,2026-07,statement,PARTLY,"The President directed agencies to let people with UAP information speak to AARO or PURSUE despite earlier nondisclosure agreements, according to senior officials.",Rep. Eric Burlison’s office confirms the directive existed. Its exact date and form are unconfirmed.,https://burlison.house.gov/media/press-releases/rep-eric-burlison-releases-statement-president-trumps-uap-nda-directive,https://www.getdisclosure.app/record/#e-nda-directive-2026
53,pursue-release-4,2026-07-10,release,VERIFIED,The Department of War published the fourth PURSUE release of UAP files on war.gov/UFO.,,https://www.war.gov/News/Releases/Release/Article/4539898/department-of-war-publishes-fourth-release-of-unidentified-anomalous-phenomena/ https://www.cbsnews.com/news/ufo-files-4th-release-pentagon/,https://www.getdisclosure.app/record/#e-pursue-release-4
54,aaro-fy2025-report,2026-07-21,report,PARTLY,"AARO’s FY2025 annual report counted 319 new UAP reports, resolved 114 of them, and said every resolved case came down to ordinary objects such as balloons, satellites, birds, aircraft and drones.","The report’s text is confirmed from AARO’s own PDF. The publication day comes from DefenseScoop, which said the report came out that week.",https://www.aaro.mil/Portals/136/PDFs/FY25%20UAP%20Annual%20Report/AARO_FY2025_Consolidated_Annual_Report_on_UAP.pdf https://defensescoop.com/2026/07/21/pentagon-investigating-ufo-uap-event-near-virginia-coast/,https://www.getdisclosure.app/record/#e-aaro-fy2025-report
55,house-uapda-2026,2026-07-22,law,VERIFIED,The House added Rep. Eric Burlison’s UAP Disclosure Act to its FY2027 defense bill and passed the bill 216 to 212. It is not law: it still needs the Senate and a final agreement.,,https://burlison.house.gov/media/press-releases/house-adopts-burlison-amendment-establishing-uap-disclosure-framework https://clerk.house.gov/Votes/2026278,https://www.getdisclosure.app/record/#e-house-uapda-2026
56,odni-nda-guidance-2026,2026-07-31,statement,VERIFIED,The Principal Deputy Director of National Intelligence signed guidance waiving earlier nondisclosure agreements for people sharing UAP information with AARO or the PURSUE Task Force.,We read the signed memo as posted by Rep. Burlison’s office. We found no copy on dni.gov.,https://burlison.house.gov/sites/evo-subsites/burlison.house.gov/files/evo-media-document/memorandum_2026.pdf,https://www.getdisclosure.app/record/#e-odni-nda-guidance-2026
57,pursue-release-5,2026-08-07,release,VERIFIED,The Department of War published the fifth PURSUE release of UAP files on war.gov/UFO.,,https://www.war.gov/News/Releases/Release/Article/4565994/department-of-war-publishes-fifth-release-of-unidentified-anomalous-phenomena-f/ https://www.cbsnews.com/news/ufo-files-pentagon-5th-release-documents-videos/,https://www.getdisclosure.app/record/#e-pursue-release-5
58,dow-waiver-2026,2026-09-14,statement,VERIFIED,The Department of War issued a legal waiver letting current and former personnel and contractors share UAP information with PURSUE representatives without breaching nondisclosure agreements.,,https://www.war.gov/News/Releases/Release/Article/4600020/department-of-war-issues-legal-waiver-to-authorize-unidentified-anomalous-pheno/ https://defensescoop.com/2026/09/14/pentagon-legal-relief-uap-whistleblowers-trump-project/,https://www.getdisclosure.app/record/#e-dow-waiver-2026
59,pursue-release-6,2026-09-18,release,VERIFIED,The Department of War published the sixth PURSUE release of UAP files on war.gov/UFO.,,https://www.war.gov/News/Releases/Release/Article/4604795/department-of-war-publishes-sixth-release-of-unidentified-anomalous-phenomena-f/ https://www.cbsnews.com/news/ufo-files-uap-pentagon-6th-release/,https://www.getdisclosure.app/record/#e-pursue-release-6
